{"cameraMode":{"drawMode":0,"name":"Shaded","section":"Shading Mode"},"sceneLighting":true,"audioPlay":false,"sceneViewState":{"showFog":false,"showMaterialUpdate":false,"showSkybox":false,"showFlares":false,"showImageEffects":false,"showParticleSystems":false},"in2DMode":false,"pivot":{"x":-2.7820119857788088,"y":-1.7621934413909913,"z":2.43015718460083},"rotation":{"x":-0.2525443732738495,"y":0.003476467216387391,"z":-0.0009140754118561745,"w":-0.967578649520874},"size":14.17379379272461,"orthographic":false}