{"cameraMode":{"drawMode":0,"name":"Shaded","section":"Shading Mode"},"sceneLighting":true,"audioPlay":false,"sceneViewState":{"showFog":true,"showMaterialUpdate":false,"showSkybox":true,"showFlares":true,"showImageEffects":true,"showParticleSystems":true},"in2DMode":false,"pivot":{"x":-4.371102809906006,"y":-2.0287952423095705,"z":5.139997482299805},"rotation":{"x":-0.24210526049137116,"y":0.15550148487091065,"z":-0.0393434502184391,"w":-0.9568994045257568},"size":15.529693603515625,"orthographic":false}