{"cameraMode":{"drawMode":0,"name":"Shaded","section":"Shading Mode"},"sceneLighting":true,"audioPlay":false,"sceneViewState":{"showFog":false,"showMaterialUpdate":false,"showSkybox":false,"showFlares":false,"showImageEffects":false,"showParticleSystems":false},"in2DMode":false,"pivot":{"x":-3.27544903755188,"y":0.7376289367675781,"z":-0.22435569763183595},"rotation":{"x":-0.2554158568382263,"y":-0.015378308482468129,"z":0.004056655336171389,"w":-0.9667004942893982},"size":13.29219913482666,"orthographic":false}