{"cameraMode":{"drawMode":0,"name":"Shaded","section":"Shading Mode"},"sceneLighting":true,"audioPlay":false,"sceneViewState":{"showFog":true,"showMaterialUpdate":false,"showSkybox":true,"showFlares":true,"showImageEffects":true,"showParticleSystems":true},"in2DMode":false,"pivot":{"x":-3.2847394943237306,"y":0.98203444480896,"z":0.28330469131469729},"rotation":{"x":-0.20288468897342683,"y":-0.008228435181081295,"z":0.0017046581488102675,"w":-0.979166567325592},"size":8.90807819366455,"orthographic":false}