{"cameraMode":{"drawMode":0,"name":"Shaded","section":"Shading Mode"},"sceneLighting":false,"audioPlay":false,"sceneViewState":{"showFog":true,"showMaterialUpdate":false,"showSkybox":true,"showFlares":true,"showImageEffects":true,"showParticleSystems":true},"in2DMode":false,"pivot":{"x":975.749755859375,"y":385.4384765625,"z":-48.6624755859375},"rotation":{"x":-0.10958827286958695,"y":-0.0038795152213424446,"z":0.00042761737131513655,"w":-0.9939694404602051},"size":1382.8197021484375,"orthographic":false}