{"cameraMode":{"drawMode":0,"name":"Shaded","section":"Shading Mode"},"sceneLighting":true,"audioPlay":false,"sceneViewState":{"showFog":true,"showMaterialUpdate":false,"showSkybox":true,"showFlares":true,"showImageEffects":true,"showParticleSystems":true},"in2DMode":false,"pivot":{"x":829.0318603515625,"y":606.7568359375,"z":112.3966064453125},"rotation":{"x":-0.09166686236858368,"y":-0.017328862100839616,"z":0.0015953287947922946,"w":-0.9956376552581787},"size":1587.6524658203125,"orthographic":false}